url,pageviews,unique_pageviews,avg_time,bounce_rate,exit%
blog/the-importance-of-customer-focus,235,234,151.42689526318384,0.6818959050670735,0.7615077478198968
blog/futustories-six-reasons-pasi-left-and-came-back-to-futurice,32,31,124.46833718825233,0.9745904132511058,0.9227390958251673
blog/foresight-methods-and-strategic-planning,458,445,195.04044521762984,0.4169125367187445,0.9166802844993672
blog/uncertainty-in-business-volatile-market,609,569,146.88485573403176,0.5374375733539766,0.6493926171077407
blog/futustories-emma-leena-heikkinens-story,8,8,46.391700562900304,0.4871154199164217,0.9282386481121652
blog/safe-route-uncertain-times,22,22,54.0596767257327,0.10728705752372691,0.4167041030824632
blog/data-provides-the-key-to-sustainability,180,170,151.94807649310624,0.23670199452660334,0.0036162447849409363
blog/mob-programming,93,91,337.9928481015915,0.5276363606044822,0.06257111584615938
blog/futustories-meet-luisa-senior-software-engineer-and-tech-advisor,145,133,25.245555064249412,0.06737430513300624,0.10948732570081521
blog/futustories-a-day-at-futurice-with-seth-peters,42,41,195.69968481351174,0.9314619293088893,0.09535345318286026
blog/microsoft-azure-immersion-workshops-h2-2022,556,523,384.4053536275809,0.12384368194337081,0.35170239085026345
blog/futurice-sunray-finnish-midsummer,477,451,131.31241076396978,0.1979807464169071,0.7012708071093576
blog/corporate-foresight,164,158,230.4795173857291,0.7653212239386366,0.790648806600495
blog/five-things-we-have-done-to-support-mental-health-in-the-workplace,806,752,84.5670520669892,0.09693454178931371,0.5902132743446247
blog/futurice-academy-opens-the-door-to-lifelong-learning,300,279,134.8963951646755,0.9002780996154094,0.14643617455697955
blog/accessible-digital-services-are-an-essential-part-of-an-inclusive-world,41,39,40.57975047255396,0.7257009707225356,0.7479016021481752
blog/future-of-mobility,259,240,22.749094747006765,0.0686208571088589,0.35480191913759895
blog/mlops-what-is-it-and-what-can-you-do-with-it,36,33,315.51702452347837,0.6918470612856529,0.012993348671796245
blog/futustories-meet-dariia-ux-ui-design,555,532,67.49166156115868,0.6316285421713178,0.28058862053274936
blog/what-is-sre-and-how-does-it-relate-to-devops,138,131,103.08745689271134,0.7573494327399186,0.3306005541409779
blog/three-steps-to-creating-a-future-proof-connected-company,113,113,48.95229230421065,0.8281978524893359,0.2742455352181029
blog/working-at-futurice-learning-and-improving-together,54,50,48.039531147314364,0.718350563173155,0.8118701531875856
blog/futustories-meet-maiju-culture-consultant-and-service-designer,929,881,129.14422975630143,0.5861762952709719,0.7599263975940903
blog/sustainability-and-the-next-big-thing,118,114,82.79256351122768,0.3224633185817777,0.6955520304126415
blog/sre-for-dev-ops,79,79,200.81353650034606,0.6972736618299291,0.1390050785122653
blog/ops-devops-sre,88,81,213.15737340645828,0.9569715846307795,0.807833909706282
blog/futustories-meet-elizabeth-software-developer,330,317,191.8434580968949,0.5875217805288743,0.6771759616633237
blog/three-tips-to-stand-out-and-land-your-dream-job-in-the-tech-industry,257,240,179.6266684264615,0.6643448684342539,0.19483768648139188
blog/agile-tips-and-tricks,276,272,524.3789258656136,0.4371280421998007,0.6480939302815164
blog/how-do-agile-and-devops-interrelate,284,257,63.17603175029522,0.7561208097430744,0.48351164100368105
blog/microsoft-azure-immersion-workshops-h1-2022,3687,3622,142.0319606161939,0.9976673923386359,0.43935006185622505
blog/futustories-meet-marc-senior-digital-product-designer,81,80,367.29004762346267,0.1603893240677361,0.11212316347238882
blog/what-is-devops,69,64,408.1488137435701,0.2024052795037623,0.5183042758451654
blog/breaking-the-language-barrier,44,40,47.588402211195756,0.5394377586643895,0.09993180897236364
blog/a-short-introduction-to-nfts,374,367,115.59765223836146,0.48137539726165823,0.16425338725426664
blog/if-you-had-a-choice-would-you-select-speed-over-safety,808,771,439.87776288645153,0.5715697845067188,0.1325463142747627
blog/future-thinking-and-strategic-foresight,126,117,222.84206328659107,0.04907404772427304,0.9541082790700076
blog/devops-engineer-what-do-they-do-and-how-to-become-one,43,40,173.50569536923996,0.40427645633044895,0.28486469044389007
blog/futustories-meet-lisha-senior-designer,44,43,124.69269186717315,0.5829782620655608,0.35520432359600773
blog/futustories-six-things-caique-learned-from-living-and-working-in-different,394,374,109.17578170258689,0.5851913513049627,0.3220806062960361
blog/how-different-are-europes-new-energy-companies-from-their-more-established,453,420,186.9002870806283,0.6573339617683736,0.8982504451781438
blog/coding-a-healthier-future,336,312,121.27985181028423,0.7202160290026638,0.5629659113348885
blog/creating-a-partner-api-using-personal-access-tokens,55,51,143.44290811304305,0.6415472033408566,0.9191598989333117
blog/futustories-five-things-that-have-inspired-suvi-as-a-designer,211,199,158.04486760404978,0.790243155389435,0.29992490582789555
blog/ecosystem-assessment-unlocking-the-hidden-value-of-health-related-services,177,176,86.27525090714315,0.6247606346845916,0.11483467443194895
blog/beating-the-roadblocks-navigating-mobilitys-route-to-net-zero-and-zero-emissions,207,189,227.1711047826503,0.5375076625372045,0.5562184527241746
blog/building-better-patient-journeys-for-cancer-patients-and-their-relatives,549,502,1527.5122623404793,0.6061964288878109,0.3455369917900175
blog/futustories-meet-kajsa-software-developer-and-designer,208,192,35.81657190014455,0.10119336675333235,0.8019068334907483
blog/10-signs-to-indicate-you-are-a-senior-designer,411,407,192.32949468911366,0.27315654072552,0.8794234089116586
blog/we-know-where-but-we-need-data-for-when,165,162,80.78957452973545,0.5273997806581312,0.4725735109070718
blog/futustories-meet-gian-managing-director-berlin,229,212,235.54973073572936,0.8729872154017071,0.9713590240855083
blog/futustories-five-things-juhis-has-learned-about-tech-communities,383,383,154.0451865703027,0.6790515562879931,0.5530130063444059
blog/what-is-automl-and-how-can-it-be-applied-to-practice,17,16,273.00328258511485,0.09040807847189758,0.27092039338631246
blog/futustories-meet-tech-lead-johan,92,89,380.0889336301115,0.5922749504444044,0.4889755153442745
blog/does-patent-data-suggest-europes-biggest-energy-providers-are-adapting-their,74,69,173.11167287836375,0.22173798763709895,0.0373102924029276
blog/improved-accessibility-is-key-to-a-better-mobility-experience,57,52,367.1027680283379,0.7340165597887229,0.8040011602630676
blog/product-vs-project,99,96,22.74992127540146,0.8274408525087472,0.10143505085442095
blog/futustories-meet-tuomas-senior-business-designer,1398,1354,529.7270311653955,0.5934562725899734,0.30874848850300496
blog/futurice-invests-in-vuono-group,41,39,200.3467712719113,0.5913626097517097,0.5653165470049434
blog/futustories-meet-teemu-lead-data-scientist,635,599,351.5228388728681,0.338591443210814,0.04297512564689887
blog/as-micromobility-matures-controversy-turns-into-collaboration,12,12,55.929915841816786,0.4462500211613094,0.07931689918144824
blog/my-week-futu,90,85,76.35428053393952,0.8641083538153455,0.6961163576130128
blog/how-to-make-remote-work-actually-work,190,173,166.79251841904056,0.7233203309671565,0.07177709306076874
blog/sustainability-at-large-energy-companies-does-talk-translate-into-actions,358,342,146.4039655909203,0.5197536596958431,0.4770828662473765
blog/future-of-retail-2030-explore-data-driven-growth-opportunities,432,424,186.13177123970178,0.36823238624837096,0.3386956334207504
blog/futustories-meet-theresa-office-and-feel-good-manager,488,470,353.4040884581998,0.050379738288554354,0.22807940795641646
blog/six-inspirational-ways-to-make-money-with-data,88,85,36.15530717891419,0.14300740132638512,0.18877889786366542
blog/chasing-a-vision,75,75,323.4534657477497,0.19302518953937065,0.7634112937325794
blog/making-vehicle-aftersales-a-more-positive-experience-for-everyone-involved,538,530,149.3997393372105,0.37338354325867473,0.9515421931502825
blog/futustories-meet-eeva-head-of-strategy-and-culture,112,105,126.08729835086959,0.9441436470762746,0.14017974220333174
blog/understanding-how-companies-really-talk-about-sustainability-an-experiment,22,22,45.74615811157467,0.5051533948587487,0.959681219174127
blog/for-bicyclists-democratizing-data-is-a-matter-of-life-and-death,28,26,221.94707103871656,0.23484016325923107,0.5947625034751037
blog/why-software-transitions-often-fail-and-how-to-help-them-succeed,38,38,21.514211551759583,0.10575013746151407,0.6416604053632571
blog/an-organizational-guide-to-machine-learning-business-cases-sanoma,313,310,249.31451428493713,0.33830552460296404,0.7099263781425819
blog/futustories-meet-joel-senior-software-engineer,184,171,44.98438059466668,0.8157306355510568,0.704118890354581
blog/climate-focused-partnerships-and-rapid-co-creation-will-drive-the-e-mobility,419,383,154.89792166970494,0.3833427934105079,0.8198111081856883
blog/time-to-rebuild-the-travel-industry-is-now,79,77,134.9176955785532,0.7725058060224135,0.48346865134769745
blog/futustories-five-things-ive-learned-from-my-time-at-futurice-with-carita,189,186,378.27843229282786,0.8027049761268789,0.5333585875147011
blog/taking-the-high-road-towards-sustainable-mobility,380,373,128.64746897266267,0.11082076969870414,0.3238270024634159
blog/futucare-taking-care-of-your-software,94,90,85.17339766348806,0.6086597526267837,0.10525759378311705
blog/futustories-meet-sonja-managing-director-sweden,295,282,98.9602093143575,0.9590960633711108,0.6646401909262191
blog/cabin-in-the-lowcode-woods,55,54,410.8820601337315,0.4021380749035539,0.03360996918625092
blog/futustories-one-day-with-kilian-senior-designer,87,87,227.92977459413277,0.050944089003022275,0.2756350510833683
blog/how-to-achieve-data-mesh-teams-and-culture,84,80,109.01614764417002,0.9233026902578786,0.09422986444610026
blog/futustories-phil-and-what-they-love-about-their-job-as-senior-tech-consultant,25,23,122.83510719055123,0.883666281572483,0.19072715732271805
blog/introducing-mika-harjuaho-our-new-cfo,309,289,42.36227931730261,0.5221414472090018,0.6387309128973808
blog/futustories-six-things-ayca-has-learned-during-her-service-design-career,74,71,202.50799367003492,0.5522531203440096,0.6284766302049182
blog/the-role-of-technology-in-data-mesh-architecture,152,151,36.31196981346432,0.2117411027761249,0.42105491299571207
blog/open-sourcing-futulog,306,299,270.81533627972544,0.8194507555446373,0.09017197648949116
blog/futustories-meet-freyr-senior-fullstack-developer,290,282,164.49781278759878,0.4986000383921264,0.43337391645940837
blog/have-you-tried-deno-yet,403,373,1001.8077927676542,0.03387779514255651,0.3527448718582934
blog/futustories-meet-joana-design-lead-stuttgart,129,118,61.55256695873654,0.6830149564489978,0.7204591528559497
blog/futustories-meet-eeva-jonna-senior-software-developer-and-accessibility,79,72,136.71115291085874,0.9504962698027061,0.5790266081990517
blog/futurices-new-subsidiary-recordly,132,120,625.5493106286667,0.8291504903457503,0.49156576733699897
blog/simo-leisti-appointed-as-futurice-group-ceo,12,11,384.9493288437528,0.2771981402105398,0.4869820823049952
blog/introducing-the-futurice-inclusion-canvas,17,16,85.03222979969864,0.05332508493334065,0.9662968872604188
blog/verification-of-zero-downtime-deployments-using-github-actions,21,21,177.53609541611803,0.9403514125381806,0.7562942217034505
blog/minimum-viable-iot-platform,34,34,148.65073369182642,0.9370627248797014,0.4969795604601278
blog/halfway-through-the-year-how-are-we-doing-on-our-diversity-equity-and,271,263,185.96615483725645,0.5324153197128694,0.4792226128889776
blog/building-an-aws-serverless-system-integration-testing-and-accessing-private,39,37,84.86448169696645,0.6423174116715351,0.02647910130496345
blog/building-an-aws-serverless-system-conveniently,85,85,138.1781338611309,0.4626000607108083,0.9425092633198067
blog/building-an-aws-serverless-system-provisioned-concurrency-zero-downtime,1042,954,41.32873826622832,0.41976536709875867,0.31917397176732965
blog/a-guide-to-accessible-design-for-connected-products-and-services,87,82,165.35567525111549,0.11944843592870036,0.25593908188074377
blog/helping-the-health-sector-evolve-with-digital-innovation-tools,449,425,212.72846468068187,0.09675289836109602,0.9994089253876713
blog/case-study-how-to-test-a-service-under-production-load-before-production,37,37,123.72538466743096,0.23273214667618747,0.7186896715045245
blog/why-do-many-companies-struggle-with-platform-ecosystems,110,108,40.77052066480469,0.8366407464065443,0.04736377329928798
blog/the-knowledge-centric-organisation,36,36,327.28308189900423,0.14583230073568,0.06188547702557645
blog/celebrating-our-people-certified-in-accessibility,90,83,198.6650082036601,0.22669865191471072,0.02550156396019787
blog/vr-ohjus-runs-on-data-and-design,524,494,83.02883207213942,0.5486140593222075,0.5996188995128691
blog/satellite-monitoring-of-electricity-networks,12,12,118.57191362373517,0.2151312180782744,0.07156450006195181
blog/the-great-adventure-one-futuriceans-career-journey-through-our-offices,285,277,44.67725242414918,0.1632066847177871,0.9333883568449306
blog/bridging-sectors-with-james-buxton,213,206,65.34441005027351,0.5633162416979622,0.9369065400226779
blog/bridging-sectors-imogen-pierce,61,59,96.52006584186022,0.3680932709966155,0.5460540667480798
blog/experiences-of-data-driven-design-futurice-exponential,17,16,396.5240320973353,0.6261592858404692,0.6166389313959508
blog/bridging-sectors-with-jacqui-murray,166,154,88.978724206087,0.9122053404086763,0.2918944015252498
blog/how-to-get-remote-onboarding-right,68,67,247.68825706106048,0.15099313143506765,0.06397254240827333
blog/data-portrait-postcards,211,192,96.4810906866949,0.9134336598130639,0.7374604451918155
blog/how-spice-program-supported-my-creation-of-235,154,153,180.97484590026835,0.9024899674229186,0.10178598874901745
blog/bridging-sectors-lucy-yu,1641,1494,132.5398822548136,0.8290875833359028,0.08555764101839314
blog/bridging-sectors-carl-bayliss,104,103,298.40310688075925,0.6312859173060852,0.3112231092042238
blog/future-is-where-design-meets-data,32,32,96.75199283012523,0.6201466574655474,0.01246565983788206
blog/when-should-organizations-consider-data-mesh,195,179,42.18131708884504,0.6392126599365016,0.434035615756316
blog/smart-mobility-series-sustainable-mobility,207,204,49.12857174919365,0.6904955512178131,0.7076809100800767
blog/im-certified-professional-growth-and-development-at-futurice,1140,1093,96.97934375491,0.016482200596157015,0.801348931421939
blog/the-rules-of-react-hooks-and-how-we-messed-up,520,497,54.6392245652785,0.9580925791606497,0.6043073037989213
blog/people-of-tammerforce-taru,254,248,206.06045828345546,0.5856037614655798,0.8468742031139126
blog/building-a-more-digital-healthcare-sector-with-the-connected-health-kit,1333,1239,102.24638789754395,0.7814658394024216,0.4065022037671103
blog/people-of-tammerforce-juan,25,23,991.9624363856022,0.37728183906136314,0.8487720850604766
blog/tammerforce-people-anni,57,53,36.95970717139736,0.012397213915795957,0.5064733104983793
blog/people-of-tammerforce-enni,37,36,174.6714084620339,0.509734659876444,0.2230361279982953
blog/people-of-tammerforce-antti,83,79,60.19790681500891,0.5071901193159289,0.944145646660466
blog/people-of-tammerforce-joona,19,19,100.01087476183592,0.4369892883114518,0.2749708738371165
blog/people-of-tammerforce-rudolf,385,376,166.19064258036207,0.33971705416207676,0.02620148418779311
blog/dont-get-left-behind-when-germany-re-opens-for-business,107,106,23.097003721771163,0.24982608780972204,0.24267404295502693
blog/interview-with-mobility-expert-albert-vogl-bader-carployee,17,16,179.37182633122973,0.5275448744971828,0.36668756125742774
blog/in-the-energy-market-data-is-the-new-sustainable-revenue-source,33,31,680.1585752083469,0.3752781396934941,0.3513496832892641
blog/smart-mobility-webinar-uk-public-transport,238,220,103.25992584423173,0.9699318830498087,0.5246675094435717
blog/energy-expert-interview-with-henrik-schapp-greencom-networks,522,495,182.70015019050533,0.17292730776693144,0.8831268820359235
blog/how-we-co-created-our-tech-strategy,2967,2822,336.9509445085958,0.319665567627087,0.29233822710969914
blog/interview-with-dr-anne-sophie-geier-spitzenverband-digitale,11741,11120,130.16946780104735,0.293960470924571,0.5207706079591689
blog/the-power-shift-how-will-decentralized-markets-change-the-energy-industry,277,263,93.24513160528433,0.543309176235957,0.34013895368847935
blog/best-practices-for-creating-fast-business-value-from-data-and-analytics,34,33,24.0325912290996,0.4992802569741479,0.8217730593732004
blog/care-space-and-time,7,7,247.8422798528307,0.6437404654242731,0.15760151328847838
blog/microsoft-azure-advanced-specialization,222,220,135.56690363358584,0.9500017705742079,0.1035102683100585
blog/futuriceans-coming-together-to-address-gender-bias-in-tech,44,40,66.01308096909086,0.2852210854938674,0.5029952532376017
blog/girls-takeover-a-memorable-day-as-the-ceo-of-futurice,80,77,164.23155754379684,0.6927715692549965,0.6718875857654919
blog/design-activism-for-a-better-world-every-day-tools,60,55,93.04243827025482,0.025040203005183614,0.7955252010907665
blog/5-energy-trends-to-watch-out-for-in-2021,121,120,97.24748248381366,0.26238847273362453,0.5896248529053164
blog/futustories-meet-daniel-who-is-enjoying-the-variety-of-a-consultancy,735,695,241.05688063791766,0.4637197279965928,0.7738497613190006
blog/futustories-meet-mustafa-designer-and-data-visualist,188,185,50.87105363575644,0.03099478848113446,0.3927100585609238
blog/futustories-six-things-megan-loves-about-her-job,117,115,343.04177366430423,0.6176694605536389,0.032867670266468973
blog/20-quotes-about-being-a-summer-intern-at-futurice,32,32,48.51393467217092,0.6783106084017082,0.11609930790155654
blog/futustories-meet-sachin-tech-lead,13,13,87.34264864822664,0.7467317148380467,0.03872260122899618
blog/futustories-sharing-stories-behind-futurice-meet-sebastian-culture-and-agile,72,66,691.1500541466943,0.5165745048430123,0.32894365047649265
blog/a-new-job-in-the-year-of-corona,137,133,365.7257769652242,0.6039446649786266,0.49549134126868233
blog/futustories-sharing-stories-behind-futurice-meet-andrada-data-scientist,2105,1977,160.4661784179684,0.39606525127848724,0.3563174836569394
blog/smarter-operations-through-data-and-analytics,181,173,69.93567056571409,0.04125303250656254,0.5605994750663922
blog/futustories-one-day-with-software-and-business-developer-antti,649,624,97.181674004283,0.09995185577451304,0.4806091484927877
blog/futustories-nine-things-ive-learned-by-antti,71,68,157.37323100541664,0.6549959242014641,0.6779428018639403
blog/predictive-healthcare-bci,26,26,152.93585511537842,0.9955552995857763,0.6669621635634062
blog/smart-mobility-webinar-auto-retail,35,32,138.00684098715587,0.01580323916329618,0.3180641471086795
blog/interview-with-jens-waldmann-founder-adjutem,51,47,144.79717769899918,0.5575834968263828,0.3462144553610915
blog/futustories-sharing-stories-behind-futurice-meet-melanie-design-principal,3615,3347,125.02327403315454,0.7510087528825579,0.5851478216413033
blog/my-open-source-journey,44,42,46.82498890986706,0.8267748280138787,0.5964324678908418
blog/trustworthy-services-from-cloud-provider-impartiality,523,516,98.17890801290808,0.5452049012226401,0.3146999136371331
blog/futustories-sharing-stories-behind-futurice-meet-bence-junior-designer,39,36,308.49302793066994,0.6199159801841051,0.3303178857754252
blog/energy-expert-interview-with-chris-baumann-tado,601,581,49.66659438591317,0.6967249452745534,0.6940450131861471
blog/why-the-future-of-medtech-depends-on-world-class-digital-services,265,264,127.53050498533717,0.8589662496934306,0.6474108228760695
blog/futustories-sharing-stories-behind-futurice-meet-laura-senior-ux-designer,118,114,77.03014640477834,0.12228953720281865,0.1350508046797747
blog/data-enabled-organisations-are-resilient-and-innovative,140,129,162.24058781535132,0.9261821962748634,0.44104187967539343
blog/three-vital-components-of-a-data-enabled-organisation,56,53,108.75454423302062,0.026017403551570006,0.8927060787105903
blog/lean-enterprise-architecture-the-company-api,290,269,483.9177392186674,0.8361997509577753,0.036305676104475215
blog/5-react-native-takeaways-one-year-later,76,70,222.57553415670716,0.07674042655969726,0.8551639464842137
blog/interview-with-jaakko-nurkka-co-founder-cliniserve,24,24,51.96432717909191,0.19462821160492227,0.16317815706414363
blog/first-four-weeks-at-futurice,22,20,253.91064385844152,0.0038941463811326127,0.5072486324617159
blog/energy-expert-interview-with-dr-carlos-haertel,193,185,79.86027259101743,0.4452567055360407,0.4243364289230115
blog/how-i-learned-to-stop-worrying-and-love-data,1586,1485,93.54128623998903,0.33435922671739227,0.010129337341458822
blog/data-and-ecosystems-are-the-future-of-healthcare,189,189,190.76746318378525,0.16599291148702733,0.915396937089632
blog/hacker-news-favorites,125,113,100.1432903854896,0.4510901608039063,0.4549252273343056
blog/how-to-heal-the-supply-chain-issues-within-healthcare,228,222,303.16725595299465,0.40237088317218384,0.954268276760615
blog/our-three-step-formula-to-building-winning-digital-healthcare-services,1053,1047,79.86933211866952,0.7676610326987415,0.28674390097921787
blog/interview-with-friedrich-laemmel-co-founder-thryve,207,198,90.45411973726127,0.8931303060700324,0.8662757734159724
blog/interview-with-mobility-expert-augustin-friedel,81,80,87.78610977974775,0.6525672517670819,0.9223895739956305
blog/interview-with-mobility-expert-christian-hoeber-co-founder-pinkbus,781,770,94.3950845467096,0.12441038872652388,0.5568324163707806
blog/how-to-run-a-remote-design-critique,283,266,357.5779014101083,0.29539079470985063,0.2026777878677175
blog/futurices-new-subsidiary-meltlake,1486,1428,245.43619981056293,0.9133182968322798,0.68524743210572
blog/a-detailed-look-at-camunda-bpmn-application-development,196,178,582.8647462005052,0.08873449300788916,0.5489780665294601
blog/smarter-energy-grid-maintenance-and-development-for-a-more-resilient-future,24,24,910.6105996448595,0.4068558393908265,0.9445296658526259
blog/terraform-recipe-wordpress-fargate,20,19,65.06757689995386,0.9425046192334813,0.43927206181049183
blog/interview-with-mobility-expert-katharina-wagner,1766,1685,157.01405158139755,0.9506648414694857,0.268513647639822
blog/from-office-to-space,1970,1840,57.91866777468492,0.4112031770488924,0.1382870014941071
blog/leaders-build-resilience-through-sharing,114,108,79.67176506132579,0.6673968880987974,0.6986335686866795
blog/interviewing-remotely-did-i-succeed,84,81,89.65186399925635,0.45674559835399897,0.9741096189805822
blog/what-open-source-can-do-for-music-making,1329,1203,63.70583124457394,0.7534605394363417,0.028343770571398474
blog/form-critique-with-love,29,29,63.97485923183062,0.03158133069299851,0.7404453547781268
blog/whats-next-energy-an-interview-with-jan-hermann,39,39,132.23392287469886,0.14415714892135845,0.9269303625596667
blog/building-futurice-into-an-inclusive-workplace,390,364,56.071365610187065,0.6141988035435992,0.07478153422734934
blog/whats-next-energy-an-interview-with-lauri-anttila,83,76,291.11010616561225,0.2325522624430636,0.11017004510613315
blog/there-is-no-just-or-how-to-make-knowledge-transfer-work-better,148,148,71.22167313530171,0.6660522992691486,0.6919570984497087
blog/business-forecasting-with-facebook-prophet,117,112,1404.806958267341,0.35122292746129835,0.6479633758957883
blog/why-customer-centricity-is-key-to-succeeding-in-the-energy-business,247,225,103.42972941079812,0.8866455581278214,0.0688274153162457
blog/whats-next-energy-an-interview-with-pirja-heiskanen,1226,1135,157.21497142513743,0.8192593855599865,0.8344227521511565
blog/accessibility-at-work-global-accessibility-awareness-day-2020-recap,171,155,52.65320194641475,0.4928378000687822,0.5234238478448924
blog/interview-with-mobility-expert-dr-martin-vetter-tuev-sued,390,370,581.0712638169181,0.7728950870948578,0.9071973733366125
blog/practical-guidelines-for-spotting-machine-learning-use-cases,7,7,363.4350293345958,0.2711378862350904,0.8779908809927044
blog/whats-next-energy-an-interview-with-emile-stoverinck,138,134,188.2051698191641,0.4942597768118626,0.8125077690501658
blog/enabling-the-future-of-demand-response-at-scale,42,39,50.52953217887859,0.19748205186327816,0.5158988962444213
blog/transition-towards-cleaner-energy-production,24,24,175.65704782852032,0.8608861685209939,0.25171064174943225
blog/what-is-our-strategy-really,40,38,60.51281514510282,0.8230676165684149,0.5059755039111326
blog/openresty-a-swiss-army-proxy-for-serverless,90,87,478.13074049782597,0.9021496684090012,0.10081137780178007
blog/how-responsible-design-can-help-prevent-exclusion,587,555,283.5407311919251,0.8774769812242594,0.6588461484734262
blog/interview-with-mobility-expert-valentin-jahn-car2ad,21,20,160.188497437149,0.9595962620594948,0.13397721922900763
blog/case-corosim-operationalising-a-data-driven-management-system,156,149,21.134345572960022,0.22833623163192596,0.5111729625007231
blog/identity-aware-proxy-for-google-cloud-run,72,66,67.576968144472,0.9318242907953155,0.05438197416681778
blog/its-time-for-courageous-and-unprecedented-moves,91,88,257.291299802888,0.5712131913519977,0.2995124902746459
blog/what-i-learned-co-creating-one-of-the-fastest-growing-apps-in-finland,668,625,391.6258631840296,0.42249508391815216,0.23208046066978782
blog/automating-automation-bpmn-openapi,333,322,360.44372762735196,0.560373895967873,0.6200315427116705
blog/answering-your-react-apps-questions-with-redux-selectors,1104,1059,41.5289011541676,0.34260235665027783,0.7867867120225087
blog/business-model-innovation-helps-industrial-firms-move-beyond-covid-19,118,113,188.90454705583193,0.2885530069609521,0.05730295454052614
blog/leadership-after-corona-a-personal-view,53,53,334.42484415955596,0.24131433797752877,0.8502836851553842
blog/our-journey-with-okrs-so-far,107,107,39.382893525147175,0.08242798945712682,0.8607676949546045
blog/from-bits-to-pieces-how-design-systems-improve-collaboration,214,200,147.47761295751272,0.49656489714718743,0.3422690742880228
blog/friends-and-family-minecraft-server-terraform-recipe,194,182,184.76299924900982,0.8877616757138874,0.6590040659703221
blog/know-your-customers-with-rfm,30,29,116.67453800136929,0.6301519692743847,0.40261303170344953
blog/easy-tools-for-resilient-futures,170,170,33.726049321985506,0.5209756327557735,0.1541908821896315
blog/a-grand-market-entrance-how-to-successfully-design-an-urban-mobility-ecosystem,210,204,114.37030938818283,0.4285929182509165,0.5286624185631104
blog/at-least-once-delivery-for-serverless-camunda-workflow-automation,6479,6351,114.22334013395594,0.46440162631719195,0.08635967450159665
blog/joining-forces-with-germanys-brightest-minds-to-fight-the-pandemic,2479,2287,131.8338050104035,0.20927734757195093,0.8784721553959879
blog/read-goog-doc-using-service-account,42,39,94.55889422202941,0.8229358771930972,0.9242897594096086
blog/serverless-camunda-terraform-recipe-using-cloud-run-and-cloud-sql,97,95,104.12481017194919,0.19838296328152805,0.8216131370114036
blog/get-the-most-out-of-remote-work,17,16,143.7729004003676,0.716622756727313,0.5625281207559786
blog/a-story-of-one-ladys-journey-in-tech,62,62,211.44473920155443,0.7599850114961526,0.557598591125455
blog/the-long-haul-how-to-win-the-race-for-the-future-of-urban-mobility,239,233,116.33321190237723,0.5748690420277343,0.9846073766009298
blog/confessions-of-a-recovering-car-a-holic,906,894,106.94138250626567,0.8629263749548285,0.24790168983118288
blog/non-technical-skills-matter-for-a-data-scientist,50,49,159.793639650549,0.29105035245065003,0.07594836590520748
blog/battle-for-future-a-fusion-of-art-and-data,56,53,31.921100834517688,0.8816172212428632,0.5619409236011778
blog/what-are-digital-twins-really,6,6,217.37589756642623,0.7294104595993042,0.3287855978101033
blog/tech-weeklies-as-a-learning-platform,117,115,148.34631734074858,0.7987498277617607,0.32233877280804424
blog/leveraging-the-power-of-trust-and-data-in-urban-mobility,31,30,153.20161840899115,0.6645797095273142,0.007085354169948044
blog/waste-not-want-not,68,64,320.0852754505051,0.8463430169899694,0.596239409547933
blog/im-a-developer-not-a-coder-my-experiences-of-working-in-an-innovation,40,37,31.11679096685163,0.9930988627176359,0.26403370227561407
blog/connected-manufacturing-leaders-summit-in-berlin-day-two,129,122,30.597946660622785,0.42016285452463864,0.187858548192681
blog/connected-manufacturing-leaders-summit-in-berlin-day-one,11,11,184.7573008047856,0.8139156837095703,0.04043193139300372
blog/systems-thinking-and-sustainability,17,16,147.57057204467804,0.7445797595180336,0.3643615764756113
blog/mastering-bigquery-costs,3619,3504,170.05833998372066,0.452870165712018,0.8789688723864574
blog/building-trust-and-creating-value-how-to-use-data-in-mobility-ecosystems,22,20,102.54465270490932,0.926948999732512,0.33667080759737233
blog/international-work-professional-growth-and-tampere-vibes,29,28,252.51810254470806,0.3944259295725947,0.6790742101195937
blog/man-data-hackathon-2019,2335,2175,312.97116897383046,0.5654659162762375,0.7565469634019073
blog/the-rise-of-voice-interfaces,11587,11561,218.5873782733425,0.10594235699096155,0.32810080919019957
blog/cars-bots-prototyping,26,25,120.46234726556393,0.22577519406626623,0.8216407350120413
blog/a-new-age-for-nordic-manufacturing,86,79,27.49071991016044,0.8406961705337607,0.6918796596669491
blog/why-stupid-questions-are-often-the-most-important-ones,248,233,274.62017645331963,0.39655272282884735,0.5592422287009515
blog/how-stuttgart-saved-me-from-getting-stuck-in-a-rut,1985,1897,394.40682721995256,0.3940840894152582,0.0009924640506289162
blog/bigquery-to-memorystore,34,31,248.5506703518121,0.24598101819062024,0.03509076592280813
blog/collaborating-for-a-resilient-future,103,95,73.4265846035884,0.4916103342974544,0.9908658441060634
blog/how-to-spark-change-with-agile-coaching-part-2-scaling-change,477,462,254.43248474815863,0.8058169613506224,0.7822839235035594
blog/what-is-it-like-to-work-at-futurice-summer-2019,285,270,295.4275905471196,0.8951641177737396,0.937565258772947
blog/how-to-spark-change-with-agile-coaching,85,81,516.4884871778137,0.07011443204418388,0.9023032049180275
blog/coding-school-for-futurice-children,122,115,73.63438179549827,0.5748207312401155,0.020442983142750837
blog/why-a-tech-company-needs-artistic-interventions,19,19,123.82092051517927,0.46727336789233453,0.7918472897910739
blog/co-design-for-managing-uncertainty,104,102,269.83688340954194,0.6142818504715784,0.4511457440111546
blog/sonja-lakner-new-md-for-futurice-stockholm,100,91,155.3884416561832,0.44727568690826913,0.7895582040006557
blog/five-hot-takes-from-a-whirlwind-tour-of-ifa-2020,211,192,60.71179031673946,0.3986448208534151,0.006715784163385141
blog/ai-futurace,65,60,206.78777545937797,0.47188071242948937,0.28819930120056425
blog/itclusive-together-we-can-make-it-more-inclusive-in-finland,302,273,235.78710656065837,0.5819991287564141,0.7513237757913022
blog/three-steps-to-extracting-business-value-from-ai,678,628,159.23328322850207,0.5009832110317768,0.7930207886015898
blog/programming-with-state-concurrency,188,174,176.91474356264638,0.47214445102064617,0.619714601214624
blog/programming-with-state-architectural-roles,252,233,120.66707156359242,0.8178353099580807,0.30125618944626376
blog/programming-with-state-values-and-entities,161,154,484.2605791794283,0.7456479912378577,0.3103625912878629
blog/a-robotic-tutor-of-sign-language-for-children-with-autism,149,143,72.20044815625471,0.3413784941811928,0.9667639636420327
blog/transitioning-to-circular-economy-pick-futurice,51,50,92.77186266624399,0.8005771175153205,0.4392121792342045
blog/fintech-innovation-four-quick-wins,239,224,149.72322317478265,0.8536506690045002,0.44712555024383704
blog/biometrics-future-travel,129,126,299.81428176053026,0.1534922053741905,0.5523327502406995
blog/the-little-robot-that-lived-at-the-library,3429,3341,44.79522119264906,0.5826824617307588,0.40950233686438875
blog/how-browserstack-can-speed-design-reviews-for-teams-using-jira,1572,1480,52.02698884492556,0.2853119935992138,0.5526715645974142
blog/learning-clojure-at-futurice-how-does-it-happen,265,255,29.073211808964537,0.7391723219267226,0.4323354227675579
blog/futurice-and-peltarion-partner-up-to-empower-clients-with-operational-ai,48,47,152.34629409642005,0.23878532935868324,0.8267149196021867
blog/the-robotic-influencers-of-our-future-a-minecraft-playing-twitch-streaming,28,26,60.66429754770872,0.6714035241730318,0.909051019798284
blog/staying-human-centred-in-a-data-economy,886,810,109.11036708142636,0.2551246560576339,0.9321102598153617
blog/carmakers-ecosystems-orchestrators-a-design-fiction-case-for-2030,221,218,251.9177264626401,0.5111437634299432,0.5642962058293866
blog/car-makers-and-their-ecosystem,305,305,88.83367698005678,0.9486464679161921,0.44214855746449533
blog/what-i-learned-during-my-brief-existence-as-a-robot,11,11,178.5780245778278,0.3813075384564345,0.7052400587918379
blog/what-next-for-cx,597,550,116.80777953671402,0.8757384859632077,0.8383235912959066
blog/adding-social-features-to-an-mir-autonomous-mobile-robot,294,270,254.09074120962512,0.9869445812038946,0.5629822420663771
blog/how-to-create-meaningful-digital-products,29,29,217.04451133782374,0.8748508488051633,0.6999810218222613
blog/5-things-to-consider-when-facilitating-remote-co-creation-workshops,74,69,85.32376691483806,0.16586602972334286,0.749729350721248
blog/futurice-appoints-david-mitchell-as-uk-md,221,219,129.6811307953657,0.819658219535163,0.6763937767172867
blog/service-core-a-net-core-microservice-backend,161,155,342.06292732945894,0.03214939510056125,0.7461335557293095
blog/bringing-home-to-work,96,87,203.3038171090071,0.39330188369930785,0.20864533255599838
blog/hacking-the-arts,128,126,48.542046174047435,0.8707333733178638,0.4983745470217975
blog/why-your-company-needs-a-design-system-and-how-to-start-creating-one,102,101,250.75953422159094,0.6887522127599198,0.5882685546050872
blog/designing-businesses-with-social-impact,187,180,62.321813568832084,0.5327404273378781,0.0024779308570230807
blog/strategic-foresight,1350,1267,459.44096455521253,0.3878640250826205,0.855962508813682
blog/futurice-germany-is-expanding-new-office-opens-in-stuttgart,4,4,336.7292085459797,0.812296946470286,0.6100245084449121
blog/field-ops-guide,105,95,187.14961566621318,0.7095584039482209,0.12913633169820327
blog/the-humble-coffee-shop-experience,194,193,168.30642473146096,0.46840531961567333,0.8163570725758271
blog/introducing-redux-preboiled,232,229,125.55880256564312,0.8924843372096598,0.7170569664405446
blog/bach-to-the-future-or-humanising-music-with-neural-nets,85,79,255.39699077274065,0.2299480178186324,0.758299543463637
blog/hannover-messe-2019-impressions,11,11,110.31914292121533,0.1703915091586249,0.3920424618618562
blog/omnibility-talk-series-interview-with-benjamin-mosse-cpo-heycar,243,222,179.19164875262078,0.6428037643335816,0.8542025066949921
blog/omnibility-talk-series-interview-with-valentin-jahn-ceo-car2ad-gmbh,1981,1850,298.13532471646687,0.9719943427017703,0.41402758213236224
blog/omnibility-talk-series-interview-with-kees-romkes-head-of-product-oply-gmbh,15,15,94.68492164484877,0.2472565733067703,0.5705091529455913
blog/agile-transformation-for-the-whole-organisation,543,498,90.65361436067016,0.2496703789338265,0.0006423036998737253
blog/culture-is-the-key-to-the-future,91,90,57.083072288776215,0.13949884796218992,0.6448731146778622
blog/partner-to-protect-how-energy-firms-need-smart-alliances-to-keep-their,136,131,63.333967911602514,0.8605635552736322,0.7181757921279367
blog/announcing-fromfrom,31,30,34.37342548437538,0.2263975404113341,0.5671093654887923
blog/what-you-need-to-know-when-designing-ubiquitous-computing-applications,90,86,266.0975660553098,0.5031785267248878,0.49655881704361604
blog/making-united-nations-sdgs-stick,1044,973,630.8900711565449,0.9908724780022046,0.8099364737117083
blog/construction-digital-transformation,356,333,464.1757048422468,0.012140900922043563,0.6813727171652418
blog/stretch-your-mind-it-makes-you-future-capable,1996,1798,40.412227865050156,0.5564860905107941,0.278074039720023
blog/improving-documentation-of-open-source-software,868,782,265.04078962247604,0.5122890427049458,0.9590733380799858
blog/futurice-winter-classic-2019,287,273,462.98056637761664,0.8074473764101547,0.7072671941953408
blog/prototyping-with-pela-blocks,2031,2012,102.9817734123345,0.35528153955277697,0.9879389289124246
blog/improv-maps-and-why-time-travel-is-part-of-my-job-description,287,267,160.96033119303144,0.41034135889904155,0.9712613162688684
blog/purpose-driven-decisions-and-dialogue,514,464,29.775489627546875,0.16793798059886367,0.9189097228100899
blog/on-human-machine-collaboration,96,93,183.71560453756697,0.7408152316357867,0.7553715412253076
blog/johannes-stock-named-as-global-head-of-design,164,157,63.38024478604012,0.7847089091881483,0.6094293684969674
blog/futurice-professional-volunteering-bonus-extended,53,51,174.1136095032413,0.13666332077883026,0.17217066368292422
blog/understanding-business-objectives,655,652,42.5652274216941,0.39345707398832175,0.5433514174237577
blog/the-car-is-dead-long-live-the-mobility-ecosystem,26,25,229.12932441367144,0.892904995362683,0.7653765223943273
blog/ai-machine-learning-and-deep-learning-explained,480,464,336.84070742522596,0.0027072736757871585,0.5208571587055678
blog/whats-up-at-futurice-oslo,112,104,79.31728785572626,0.2987590706226323,0.8682391284056578
blog/modeling-qualitative-data-in-business-contexts,860,789,59.76749401809694,0.5550422850525477,0.10965589919169827
blog/five-ways-innovation-projects-from-theory-to-practice,458,421,26.448027106075738,0.3340938596599533,0.3809403480486341
blog/qualitative-modeling-helps-reveal-your-bias,2278,2184,119.92531484571958,0.2720451891776694,0.5059644185936573
blog/futurice-profile-web-designer,445,431,93.19786862268289,0.4600374849032126,0.43232529586910806
blog/introducing-business-design-to-msc-imperial-students,15,14,42.913414532525934,0.18152310810969374,0.10858654782155308
blog/future-proofing-strategic-business-decisions,135,125,213.23929910156738,0.5296252409594838,0.15352829404463053
blog/why-you-probably-dont-want-to-own-a-car-in-10-years,26,25,103.54680104474892,0.7066959213132259,0.8376172928554871
blog/introducing-the-futurice-principles-for-ethical-ai,69,63,62.76585610874185,0.5752949526285022,0.484384259201451
blog/iot-kit-learning-by-teaching,1433,1413,95.23448137037488,0.0931093308585309,0.04872242675272764
blog/recap-on-kotlinconf-amsterdam-2018,387,353,349.6888052590938,0.8444086141655732,0.016491258977649914
blog/one-innovation-culture-please,53,53,240.41090295052265,0.17497783748748819,0.4734754019943266
blog/how-to-design-great-voice-services-for-kids,33,33,133.7509048251667,0.7648120006111286,0.1643787259244437
blog/travel-brands-should-share-data,156,148,243.540685491303,0.3605651107758504,0.7051259459992218
blog/oil-wells-on-wheels-how-carmakers-can-extract-the-real-value-of-big-data,24,24,58.63140267588496,0.7827613480561023,0.7953234625277513
blog/holistic-devops-economies-of-speed,55,55,152.30667403587074,0.20627290340534576,0.2282967084571056
blog/carmakers-in-pole-position-to-lead-the-personal-data-race,237,237,166.9772982225602,0.1866621036954298,0.5921769448817807
blog/so-you-want-to-build-a-platform,840,804,101.91415010025041,0.49702584621748225,0.154444643485386
blog/achievement-unlocked-five-time-microsoft-mvp,370,342,210.26458553007504,0.032936014698360494,0.303582651594387
blog/change-is-simple-give-a-little-to-get-a-lot-back,5,5,79.49174949076864,0.22529733878233338,0.8887954941814333
blog/value-to-market-an-alternative-approach-to-service-innovation-in-the-auto,235,220,223.15276153083113,0.7240122521843483,0.5440980914823108
blog/privacy-and-personalisation-squaring-the-circle-for-travel-brands,166,153,230.78510986236503,0.8373834783054255,0.8858886951442001
blog/holistic-devops-it-is-not-a-project-and-it-is-not-it,277,273,14.386238579361764,0.08078536393781044,0.22524780417950696
blog/developing-ai-capabilities-at-futurice-germany,1677,1653,384.6156649437149,0.8820777094381044,0.33002434324866603
blog/ai-needs-responsible-adults,7,7,12.960340292513413,0.797517204053179,0.47095213845681705
blog/futurice-codebar-diversifying-tech,62,57,90.6640375461871,0.8696842957069654,0.4800800751945429
blog/will-oems-own-the-next-generation-of-data-driven-automotive-services,361,342,337.0658889474825,0.6984285545788399,0.9976479671837004
blog/toc-europe-harbor-of-the-future,14,13,115.14251474843289,0.6741530672939647,0.11444531897113008
blog/futurice-alumnus-sarvas-named-professor-of-practice-at-aalto-university,1359,1347,45.92690973545282,0.5250932333448638,0.8519650356015908
blog/bringing-frontend-to-2018,258,248,61.86844962427804,0.652787224491315,0.8636820394218702
blog/when-momo-the-robot-met-children,529,490,337.48619205853595,0.9191096645666051,0.5531986315377874
blog/futupolis-and-berlin-a-tale-of-two-cities,64,63,31.90607324612301,0.10052200141670842,0.34403716825915376
blog/twitch-the-mtv-of-the-gaming-generation,504,467,366.204851643533,0.3157644778460912,0.5192261042882962
blog/my-four-takeaways-from-the-ft-future-of-construction-summit,738,701,142.01295996079148,0.07245497359587183,0.2924677048065638
blog/microsoft-build-2018-retrospective,211,196,57.173113012414355,0.9448051719440385,0.7991074484399395
blog/mixed-reality-showdown-meta-2-vs-hololens,211,202,93.08452414455145,0.445265465999388,0.49827915871033013
blog/what-it-takes-to-be-a-consultative-designer,223,215,65.77373056740048,0.6753444706761884,0.9258421788774506
blog/norway-is-the-new-black,41,41,296.7767464509963,0.8411200645043214,0.6226913443560438
blog/state-of-hype-tech-part-1,119,117,266.65141611889004,0.9910002480764886,0.5143193331146834
blog/operation-snowflake-is-here-again,119,111,37.51238304118437,0.16178245779226574,0.7110693539776523
blog/what-ive-learned-validating-with-joi,264,261,107.46081883583906,0.7995126057182287,0.5039329644302343
blog/could-machine-learning-help-us-build-world-peace,665,660,74.39966730518746,0.8874228981367364,0.9045063504194472
blog/keskos-k-markkinointi-uses-lsc-to-raise-their-marketing-services-to-the,31,31,417.7185894271678,0.04887537685087562,0.1844459608868413
blog/the-futurice-culture-handbook,124,122,50.39644845838492,0.7540905601855734,0.9733486837459057
blog/so-long-cowboy-my-four-sxsw-take-aways,1370,1258,535.5976808200616,0.3547253211965503,0.812190551851192
blog/futurice-social-impact-projects-2017-2018-and-call-for-sponsorship,49,48,144.51223978886046,0.648596791470432,0.8607333618648696
blog/an-approach-to-software-production-part-2,44,40,58.58346414263818,0.5140481960388648,0.48290783237107116
blog/an-approach-to-software-production-part-3,202,200,86.33030133928841,0.2597422520866369,0.8372015493375974
blog/an-approach-to-software-production-part-1,527,493,78.15585135000651,0.13522136200398605,0.30677408357720515
blog/futurice-design-day-2018-rethink-refresh,151,145,53.533374315419955,0.11694723308920829,0.7619481785641752
blog/pushing-the-limits-of-the-hololens-with-improved-hand-tracking,1090,1048,160.11006544823212,0.1033228577084917,0.14045015838902264
blog/how-we-measured-the-impact-of-gender-on-career-advancement-at-futurice,537,491,55.57133770573707,0.6377900401345777,0.3070519159625087
blog/understand-your-company-culture,525,474,25.9379470371455,0.3514108513995381,0.44573266335973283
blog/teemu-moisala-has-been-appointed-as-the-new-ceo-of-futurice-as-of-may-1st,341,312,109.53660912850737,0.21663343820587244,0.32231971814342186
blog/ixda-conference-2018-building-connections-and-dissolving-boundaries,4874,4781,35.082942471087534,0.691885092705903,0.3870171156241836
blog/introduction-to-serverless,110,108,81.31018663319054,0.6868495657664668,0.820104744783698
blog/in-digital-business-youth-rules-but-experience-helps-it-thrive,8,8,71.71627355289431,0.5391682923569977,0.25667589214216757
blog/classifying-text-with-fasttext-in-pyspark,1647,1600,73.92323148682617,0.9349578168658509,0.7452811721545722
blog/digital-business-delivery-leadership,75,70,735.6617845660253,0.3854142314414213,0.07371206911165185
blog/future-forces-2018,175,166,155.2643664008234,0.835862971269293,0.7657391075150608
blog/differences-between-machine-learning-and-software-engineering,1059,1001,180.6021972315025,0.07513940793219631,0.792023242829773
blog/when-self-organizing-becomes-a-burden,14,13,35.833433811092476,0.7398310940385044,0.401698775502482
blog/visualising-finnish-arms-export-data,23,22,87.95536704046327,0.98844741383193,0.7224778231674704
blog/radical-innovation-must-come-from-the-outside-not-within,14,14,176.30969933185628,0.8465982162878168,0.9151384037450991
blog/learnings-from-our-robot-croupier-at-slush,46,46,65.39049226407717,0.5796647193100594,0.8007129735545269
blog/lean-service-creation-inspired-educators-and-kids,287,270,306.8780001061718,0.6267660643271606,0.3904465103969599
blog/my-two-weeks-as-culture-detective-futurice-through-social-psychology-lenses,326,311,56.70388524803623,0.3532895494369468,0.4842135142800644
blog/learning-medicinal-habits-from-discussion-forum-data,225,220,118.02625400759376,0.6794852182581039,0.7793575447858054
blog/face-recognition-and-leonardo-dicaprio,18,18,92.86610160647554,0.770395383181327,0.29259458984912357
blog/chilicorn-projects-nominated-for-awards,5,5,169.26347549587382,0.9982284811178539,0.8038827403088735
blog/making-an-open-source-paas,162,149,88.90851702758572,0.492462917000433,0.32807114256094116
blog/nordic-dot-js-2017-takeaways-from-the-top-5-talks,74,70,119.49626293155137,0.06130406577344227,0.8059905823855381
blog/our-open-source-futuparty-app,296,285,122.86619608946299,0.5958579507309852,0.08680044335072334
blog/customer-experience-the-future-of-design-within-finance,426,415,82.47455273700433,0.11902414998216859,0.044397296910590134
blog/customer-experience-are-we-getting-it-all-wrong,183,174,218.78184565906574,0.24476504355611006,0.9976754473698223
blog/looking-back-to-iotswc201,465,451,179.59614654407062,0.32877991130573725,0.869457123234689
blog/digital-transformation-at-a-glance,210,199,138.25624951061025,0.7310298731484106,0.8828475034662039
blog/stepping-out-of-the-work-bubble-for-a-day-of-inspiration,329,307,105.175810245432,0.18380812387850054,0.9512799476066175
blog/tampere-smart-office-keeps-getting-smarter,52,52,280.6856119809792,0.16575294684235253,0.43831630941448785
blog/hemmo-app-key-challenges-in-designing-for-children,114,114,122.89527930215763,0.04496424249882747,0.2868355546801522
blog/making-of-a-social-robot,200,196,116.12209373015277,0.8732399363538809,0.130024995017903
blog/designing-notification-sounds,509,464,161.37841711044175,0.6935054243560607,0.5012091335384645
blog/how-can-cios-embrace-the-fully-digital-world,83,78,576.6695197626016,0.03994646561762649,0.22004832047660783
blog/now-i-know-how-to-tackle-things-if-problems-occur-lsc-in-practice-and-how-international-students-liked-to-work-with-it,325,320,50.790789728162004,0.02829230563811458,0.9355508567393197
blog/fantastic-problems-and-where-to-find-them,100,92,274.75657241747166,0.5586742964750561,0.004003162442779096
blog/us-vs-them-part-1-it-had-to-happen-here,125,120,32.637537108345164,0.28253440128671103,0.14319673774312158
blog/eit-summer-school-munich-3-lsc-an-experience-of-future-way-of-working,516,492,176.58785712122932,0.5967263504319288,0.2464758530834268
blog/futurice-in-prague-2017-number-futucamp,8,8,523.2536108355871,0.4346041756809653,0.19895671159319506
blog/tech-open-air-2017,22,22,219.4083969788403,0.9233125623102546,0.2257784365797103
blog/compliance,17,17,170.11931823634785,0.2878090149613679,0.6560476050611784
blog/refining-the-smart-office-vision,5,5,94.78777307659173,0.6791453684388935,0.3275120783131492
blog/helsinki-fashion-week,54,53,152.1455700723735,0.05405431161859919,0.6150243819033733
blog/in-search-of-the-perfect-workflow-version-control-for-sketch-powered-by-git,457,426,121.31006003566503,0.9558605341889254,0.8902579336462912
blog/in-pursuit-of-the-gummy-bear-what-a-neuroscientist-taught-me-about-digital-transformation,97,95,79.14002197699406,0.9807574679083522,0.602556765525702
blog/creating-value-for-humans-with-internet-of-things,200,199,117.6953501596013,0.7390746290164124,0.6945327912863815
blog/pretzels-design-and-development,761,746,173.93904617471352,0.46521247156357315,0.3655032982213573
blog/futurice-sponsors-helsinki-pride,1088,1043,80.33668333153396,0.21999343932726134,0.15973846762270916
blog/cannes-lions,134,132,77.86484314150096,0.8125163402479647,0.3205840624499061
blog/the-best-place-on-earth-for-a-web-developer,1131,1116,49.98911341025614,0.7363540971470223,0.9642826487041081
blog/first-year-on-the-board,171,157,202.87297025315564,0.22195403956094906,0.6218113844531371
blog/frag-measure-learn-agile-methodologies-in-fps-games,43,42,229.58162013715173,0.4512152941572657,0.2775111194340152
blog/this-is-how-you-create-desired-future-in-uncertainty,61,59,178.63209497213867,0.46279893781678505,0.45091526716210384
blog/our-adventure-in-prague,17,17,321.2232596119655,0.8264105499727091,0.8355130374309944
blog/hate-speech-detection,40,39,159.2211489363261,0.6838446843340765,0.6684435707057735
blog/its-futucamp-time,87,85,203.08177895069926,0.6431675435400551,0.5606528407291682
blog/hiring-for-innovation,496,466,189.25019837053313,0.6498274225632784,0.8851628766338411
blog/leadership-and-planning-is-back-three-tips-to-survive-extreme-uncertainty,1961,1921,137.93298957935676,0.2704700793824789,0.6724395722167903
blog/designing-for-better-food-habits,19,18,97.06128057142233,0.371711259829534,0.6427297307910954
blog/design-thinking-is-dead-long-live-innovation,268,244,872.4646108586581,0.04566228543670614,0.18976813721076813
blog/supporting-creativity-a-company-sponsored-open-source-musical-record,32,32,103.3828632882418,0.7869411358121238,0.10638868301240778
blog/empirical-methods-of-debugging,303,300,87.12098903357976,0.43299821516981385,0.965142117057399
blog/xamarin-forms-seriously,122,121,210.02106994588505,0.4382383570875735,0.5988583701003527
blog/europes-first-platform-conference-by-zalando,10,10,181.54136466627511,0.24535626493362672,0.4156834091464291
blog/operation-snowflake-part-2-completed,598,591,48.23894883738577,0.2094272814594289,0.5890208209102176
blog/cycleconf-2017-attracted-some-very-different-cyclists-to-stockholm-this-spring,60,55,364.3600778908419,0.5878219295690292,0.06181196107171538
blog/how-does-analytics-connect-business-owners-and-designers,67,62,137.6403797203868,0.23255301520367577,0.8221272739041068
blog/teaching-service-design-and-lean,30,28,61.023261272911526,0.06420885156546441,0.21664553556433597
blog/open-sourcing-a-client-project,56,54,384.1477681600794,0.7675074159808983,0.804546006317947
blog/lean-service-creation-meets-uni-students-who-meet-the-addicts,282,254,244.8242135425868,0.37646943440636593,0.5343784432636106
blog/operation-snowflake-returns,112,112,53.96665773120075,0.38023558389930445,0.27657201365690276
blog/a-story-how-we-made-the-futurice-winter-classic,243,234,615.0762674344431,0.4313182815157913,0.03020994824207046
blog/why-what-how-digital-agenda,256,248,251.39813927903938,0.8150448234080938,0.8158333553266057
blog/kesko-and-futurice-win-at-grand-one,1076,974,147.20749284809943,0.3208368959398171,0.17646014146930666
blog/lsc-laughter-and-learning-in-lisbon,89,84,529.6280906625574,0.758036211257836,0.051805115639873445
blog/how-to-do-brand-design-the-lean-way,17,16,168.58468869550381,0.9395448407795433,0.7558777308258808
blog/using-cycle-dot-js-to-view-real-time-satellite-test-data,736,724,145.11601702582797,0.6608681959247994,0.3500432223729788
blog/why-i-wouldnt-hire-donald-knuth,91,83,87.51059810092379,0.43168108117702464,0.38933400559165
blog/augmented-and-virtual-reality-part-2,790,751,236.38937782065415,0.7477897231466647,0.24706758728071898
blog/augmented-and-virtual-reality-part-1,264,251,217.30075763880546,0.4578973697513855,0.8591784786968971
blog/service-design-the-18th-century-way,122,111,150.16641491718917,0.4144272711081408,0.29732952610653207
blog/7-design-principles-for-iot,251,242,78.88656361058219,0.5252831635726832,0.21019256975102385
blog/futurice-and-startups-a-new-approach,2770,2660,164.67006786100708,0.3177223348092938,0.3092497263361561
blog/how-we-select-charity-projects,3346,3151,140.35304121848898,0.1042502162800012,0.20314957516739696
blog/the-iot-service-kit-stirs-up-banking,165,163,51.071190167180106,0.4148520055261652,0.31765522080520747
blog/how-to-run-an-lsc-workshop-for-550-people,189,183,45.72065288690359,0.12385688112930193,0.08293622286817304
blog/futurices-pledge-for-international-womens-day,746,732,233.2527671358882,0.4104414735554467,0.15853002911945835
blog/scaling-our-smart-office,42,42,18.51329917160143,0.5569337212134503,0.4170528833961479
blog/small-is-beautiful-an-introduction-to-tribe-four,245,224,174.9199466536567,0.9307111812056468,0.8794668555898764
blog/building-digital-ecosystems-in-a-large-enterprise,143,135,101.24401101792452,0.03622233104530359,0.057290746722285846
blog/fosdem-2017-a-visitors-report,238,230,422.67234699607974,0.6214584065019442,0.21267470676003064
blog/capable-of-change-how-we-can-adapt-to-a-world-in-flux,43,42,100.00552482149345,0.4577351866500773,0.9083456755415963
blog/from-it-factories-to-digital-ecosystems-transforming-the-german-enterprise,14,14,251.5363146597494,0.020261128204139167,0.8900146741599216
blog/setting-up-the-perfect-team,7,7,108.03647774655784,0.24954817593872036,0.6794508332959412
blog/jamming-to-change-the-world,28,26,162.5520930136144,0.11848525235480156,0.24047355409523796
blog/nine-tips-to-building-empowering-management-structures,75,69,267.5935499763089,0.21679414573144473,0.41981056105578574
blog/ahto17-in-numbers,96,93,102.50949484683129,0.2745702434609182,0.21122099443796505
blog/the-importance-of-vision-mastering-continuity-and-change,2714,2625,329.3904771359517,0.4013063353821963,0.12858850912520325
blog/future-forces-2017,780,745,67.023392370552,0.5290393934888903,0.3799983945138915
blog/adobe-xd-the-new-hope,36,34,187.85572989310654,0.0009899939263861013,0.5758216050703502
blog/15-global-platform-players-tech-stacks,251,240,310.4776065715723,0.1618693606287408,0.35993267546480523
blog/leading-culture-change-means-changing-yourself-before-others,81,76,251.64767481756323,0.0935663856088007,0.6108245504659697
blog/what-are-bright-futures-made-of,97,92,687.5646774373416,0.5496733992627437,0.29625473537930547
blog/how-do-machines-learn-a-software-engineers-view,196,190,80.57984418971749,0.3290748704012698,0.3458505277607903
blog/falling-into-algorithm-design-path-simplification,376,364,49.238734430328286,0.5483977360347181,0.7906735916446096
blog/jhgh,90,87,66.98923355060758,0.22182330217467783,0.878314730893858
blog/the-next-step-for-reactive-android-programming,732,726,251.72923692915342,0.024229354087584865,0.32203408153105206
blog/finding-the-new-in-you-and-the-things-you-do,27,27,221.03882115269116,0.9413669012702468,0.5715158013452762
blog/payroll-system-in-blockchain,150,140,161.06456794389325,0.10830812118899402,0.27816228389226805
blog/societys-change-agents,7307,7023,60.43898602534734,0.1268587479617168,0.05333464170742752
blog/innovation-paralysis-the-biggest-threat-to-big-business,208,204,274.10022787436554,0.1465468265101405,0.737857181360408
blog/futuwear-final-proto,1274,1203,55.71426274948526,0.9812765239932727,0.17100348323615033
blog/facial-recognition-with-a-human-touch,171,159,375.0876252101414,0.6176602401699961,0.42571252374691715
blog/shared-belief-values-and-behaviour-equals-culture,355,346,1459.6482171492328,0.6102899517038506,0.4870454933791568
blog/fortune-cookie-anyone,137,126,198.9713644744992,0.9866982015185296,0.18447158417910592
blog/our-predictions-and-recommendations-for-slush-2016,115,105,236.62734236168936,0.08843876927465477,0.09455535066339626
blog/what-is-ahto17,47,45,100.05421458034026,0.9745008925422891,0.3480130146710706
blog/future-energy-providers-guardian-angels-or-cooks-without-recipes,284,266,34.87706127765521,0.2040131465540409,0.9522859075503184
blog/disruption-proof-culture-cultivation,42,42,91.63602767450878,0.6230715035620354,0.6151355899884214
blog/hololens-futurice-helsinki-tour,403,365,61.91012936664339,0.4200835653027917,0.3814102284029025
blog/taking-design-as-a-whole-from-inspiring-to-concrete,756,727,46.63709893418169,0.3839518134771782,0.03891082077421493
blog/data-driven-design-day-2016-presentations,258,235,588.6830677964351,0.9312433284794626,0.6002732813910818
blog/easy-like-sunday-morning,97,92,184.61821950720275,0.14922772844025645,0.09225764093537259
blog/top-7-tips-for-the-model-in-android-architectures,294,294,201.0894963613168,0.9970690110762436,0.5425440710475263
blog/how-to-build-your-companys-digital-confidence,94,94,115.90630020516653,0.37912506109154853,0.7519505082717429
blog/be-a-senior-every-day-part-i,604,563,129.24413485295932,0.6487749038885544,0.42358534829478633
blog/take-home-messages-from-mydata-conference,10,10,321.06402105773844,0.9679067314833601,0.2994114948165244
blog/the-coding-game-case-engaging-pupils-with-coding-design-and-sales,90,90,144.62299255095652,0.05760105037897478,0.0473842338175986
blog/the-pros-and-cons-of-crowdsourcing-as-a-road-to-innovation,8,8,226.91038287160367,0.9228643629251906,0.024777875161596796
blog/the-secrets-of-digital-design-best-practice-revealed-as-part-of-the-london-design-festival,16,15,126.87426564048207,0.5678113853543433,0.4300265696455212
blog/accelerated-data-science-effort-with-veikkaus-dcontext,1149,1092,112.8746247676891,0.7043968789774523,0.8833452707029679
blog/this-might-change-your-way-of-thinking-about-light,569,543,48.1571040585766,0.14918418388634835,0.24406277879319038
blog/tools-for-data-driven-design-of-digital-services,51,51,30.502259111695626,0.5333874308310322,0.5740555057818213
blog/ftrc-is-go,16,15,120.39168621821995,0.6735137147252437,0.6843058196797618
blog/size-matters-autonomous-small-teams-get-more-things-done,2,2,155.2749402423066,0.4562473073876818,0.060829867501361434
blog/data-magic-for-better-customer-experiences-and-business,66,61,53.04263216233395,0.15498517810605672,0.1531003758033771
blog/how-to-write-a-thesis,5601,5393,144.37587010689097,0.24411907508557662,0.33127679341956706
blog/futurice-retail-trends-infographic,285,269,154.93443855774277,0.8543927909934985,0.6700931741485705
blog/inspiring-design-thinkers-of-the-future-in-bavaria,65,64,26.448345256398113,0.03447099283276278,0.4390351122280969
blog/intellectual-property-rights-101,299,295,71.37161722208599,0.7088620784408124,0.7341950682182453
blog/it-security-101,15,14,205.57503785281932,0.9993900365145268,0.8675978655731925
blog/futuwear-2,96,92,202.27880802912952,0.007482996106766615,0.7583722765985429
blog/loki-service,173,164,58.971841477144544,0.16104568281993992,0.9922472073132491
blog/futuwear,131,119,168.47012601588943,0.6741443008931345,0.7543610687316497
blog/cms-done-right-vol-3,487,441,336.27382394539137,0.05999083458534826,0.8521791950074505
blog/futurice-retail-trends-preview-and-more,249,228,276.3472887195314,0.5897899838558589,0.832366358465001
blog/state-of-legacy-in-sme,405,398,137.52027632117444,0.6840001035610561,0.7302657622800466
blog/authentication-databases-and-services,53,50,102.06592717441069,0.5881463481140702,0.8018018166558906
blog/data-structures-for-fast-autocomplete,571,521,89.7048119481115,0.3651847030210672,0.9346832278674102
blog/make-profound-change-a-project,1709,1646,215.77923532116884,0.6972822959866389,0.4752073785262926
blog/space-tyckiting-in-10-tweets,35,35,173.48361875198137,0.5942944280138205,0.6382870239125435
blog/its-the-strategy-stupid,40,37,245.55555253673998,0.20763717209391974,0.5149397215727727
blog/how-do-social-responsibility-activities-support-employee-engagement,1101,1048,164.9263565776929,0.5631355435851098,0.851036987192073
blog/kesko-and-yrityskyla-win-blue-arrows,112,106,285.7196714196694,0.8819072171389275,0.4313596028715073
blog/code-camp-16-space-art,1219,1100,160.08005380140546,0.66683328569045,0.8197267711447329
blog/stockholm-beer-and-tech-meetup-videos,77,73,278.03610320580617,0.4717915073938471,0.7993545750571388
blog/lets-travel-in-time,1317,1262,297.8703177022644,0.32158410286945116,0.9618861013685905
blog/samsung-kick-and-k-ruoka-get-some-love-from-grand-one,181,175,77.97425404218504,0.08588620943757286,0.24892069925741878
blog/the-art-of-conversation,219,210,34.93484525572491,0.2446271327590287,0.7096195098859123
blog/grand-one-finalists,1552,1534,510.1956526573476,0.011186753086876888,0.7569194976474862
blog/service-design-hackathon-for-students-how-to-get-work-experience-and-and-create-four-concepts-in-15-hours,87,81,182.2404528434422,0.9866259175249644,0.9362784928046657
blog/i-hate-the-word-idea,37,34,37.65294921580216,0.22248225212873995,0.9069024180555311
blog/k-ruoka-and-me-and-mycity-make-the-blue-arrow-2016-short-list,76,74,83.84286583870806,0.8148759426853727,0.5735258617084483
blog/5-important-things-kids-learn-from-coding-other-than-coding,293,285,275.20036542089537,0.1686448818049786,0.5791531858639798
blog/operationsnowflake-to-go-where-no-office-has-gone-before,15,14,118.65955790489346,0.2836011496055739,0.1672912284042294
blog/want-happy-employees,387,387,98.52899442867366,0.41827731922836675,0.9749627024237711
blog/playful-curious-digital,67,64,455.1857094198169,0.3244056641416051,0.25501746270342684
blog/are-you-critical-enough-to-be-creative,831,793,64.21072693111073,0.7983508127598611,0.7247362184512921
blog/a-saner-windows-command-line-part-2,5,5,78.37283020585959,0.9576934080154231,0.7957950048053125
blog/spicing-up-a-music-event,46,46,175.758198814116,0.8752944836508485,0.44121550461138104
blog/categorizing-software-from-rigid-to-emergent,12,12,202.82913916542753,0.15357786694775655,0.211193720029058
blog/a-saner-windows-command-line-part-1,43,42,220.7596222581708,0.7766886763492903,0.18896038421968675
blog/fake-it-till-you-make-it-in-digital-business,216,203,307.65851047619265,0.14794691330471144,0.8564960009015917
blog/love-the-brand,114,114,173.966525155967,0.9133811065621014,0.5107564867485148
blog/space-dot-dot-dot-what,102,98,219.53400727460482,0.5178785756685784,0.0901369820382667
blog/beyond-measurement-designing-excellent-customer-experiences,117,111,120.61849039286345,0.33638108805670675,0.7170194727628887
blog/futurices-interview-process,202,198,156.04721825761052,0.1570254973341928,0.2501710528050296
blog/visual-design-basics,33,33,161.74602272346144,0.011809088179004612,0.8763947507508792
blog/what-we-are-learning-about-measuring-impact-and-where-we-want-to-get,429,421,176.280858253254,0.24794699166088474,0.30957178602997526
blog/you-need-a-brand-more-than-it-needs-you,402,389,275.346924456174,0.9140200632813119,0.20027083009014313
blog/year-2015-in-company-sponsored-open-source,265,263,231.39276441938716,0.7972621922722275,0.08485844355493433
blog/comptels-new-concept,342,310,153.75702586417802,0.9697937077507195,0.5115311366376475
blog/design-at-futurice,232,223,77.68787622409003,0.10076152112137304,0.4507375878182873
blog/freeriding-meets-branding,3142,2888,156.66926741980714,0.5921787435056695,0.7513121446031429
blog/chilicorn-code-club,131,119,145.12359694776612,0.2571504740307766,0.4646025871930364
blog/the-new-iot-office-experience,94,94,173.21702080577342,0.5429417057724074,0.34381596892437105
blog/to-awwwards-and-back-amsterdam-edition,48,45,867.1571744088415,0.32045488556345514,0.2616549156329441
blog/sex-shopping-and-online-forms,32,30,97.61017862452474,0.2834655502433575,0.2781467454699711
blog/fosdem-haikus,23,22,208.06098114202075,0.5738453020245975,0.927847901827814
blog/photoshop-productivity-hack-paste-and-match-style-alternative,40,39,348.8945242677548,0.1833181618695403,0.16507860208781233
blog/api-services-mvc,134,129,160.51726891681798,0.46913343697211685,0.9881764245571502
blog/how-to-change-the-world-byte-by-byte,246,246,963.2144681270156,0.6508122650440348,0.32691945519222476
blog/friday-literally,161,153,109.68016795977672,0.12818207318280406,0.08839023541749746
blog/10-steps-to-a-kickass-hackathon,48,44,192.34129610124816,0.930594270876904,0.24869038078786498
blog/virtualreality-and-nextgenexperiences,573,519,78.33193733685528,0.5057246994541248,0.0584143795546187
blog/vjing-with-web-midi-and-rxjs,450,449,112.03151457906766,0.8195279718843422,0.7900297691639159
blog/understanding-software,117,109,181.1177058222802,0.6539054306210633,0.5125529125411055
blog/elm-in-the-real-world,56,55,292.08453092579316,0.7100009412225455,0.3369866188668009
blog/make-it-move-make-it-bounce,338,308,191.57432764235503,0.716130940992838,0.6620496046315625
blog/key-learnings-from-digital-innovation-in-under-a-minute,197,197,406.3812992041878,0.8750998970614726,0.6306465259503202
blog/my-2015-futuforce-awakens,17,16,137.5555384460583,0.6136054350469241,0.9398720892275902
blog/banks-without-assets,135,124,113.77981986436276,0.2782171517213896,0.9612605167483796
blog/trying-out-clojurescript,220,218,1291.0202623741443,0.09950964286545716,0.6806837756654053
blog/geeks-climate-opportunity-map,39,39,203.44386507929997,0.6062506194501415,0.8178159272441685
blog/self-explanatory-code,198,182,83.46394675428286,0.06635280377058106,0.7924251003351785
blog/digital-hospitality,17,17,85.16486704808585,0.2412934516895302,0.4913035326998998
blog/why-hackathon,1102,1044,69.815501411788,0.06070718460191171,0.7044582880334169
blog/role-of-service-design-and-user-insights-in-innovation-process,965,877,313.9568275842315,0.5488875890065671,0.07825900768357019
blog/trust,102,97,110.88550313799392,0.16033812494286803,0.7580210831503069
blog/breaking-news-wwweeklies-is-now-a-public-event,257,247,164.33219864033396,0.6104073194334733,0.9618330071923676
blog/innovative-culture-at-the-euw-2015,4,4,141.06109021031173,0.7908651308632676,0.08497475312573843
blog/analytics-vs-user-research-why-do-you-need-both,27,27,266.45194978430675,0.8218807207718624,0.8361157845918545
blog/five-steps-to-a-great-application,96,87,75.38472932777144,0.30954350813762743,0.9329800266492713
blog/10-things-that-make-your-scrum-master-cry,30,30,62.774075082596546,0.548954532694496,0.2261888898020621
blog/a-deeper-understanding-of-silicon-valley,434,426,177.5829539153435,0.563010760086359,0.5248111876092038
blog/create-customer-value,2969,2885,240.0308430419934,0.4728871821541666,0.9278582254629885
blog/sharing-backend-best-practices,26,24,193.6448575990649,0.6551138914247648,0.9602260045229679
blog/some-things-never-change,43,43,77.66750949627956,0.21008712382353356,0.12788238435231636
blog/javafx-vpn-wizard,212,194,255.1847706805036,0.9792432395867943,0.34900422555545063
blog/code-camp-15-conquering-the-galaxy,1664,1547,81.85187884790857,0.09807982709093244,0.6981446411508566
blog/time-is-the-fire-in-which-we-burn,24,23,97.78479397957041,0.8292211412031192,0.2215584993859303
blog/how-to-test-your-automated-tests,216,195,69.74440345112228,0.5940959869511878,0.3247706286344808
blog/candidates,2281,2089,420.2823212553196,0.24485474719371592,0.023291060004693276
blog/responsible-design,13,12,246.34604459474477,0.7456750006602998,0.1535216809311989
blog/broken-uitableviewcontroller-initializer-in-swift,22,22,240.80673939001807,0.08448089567707195,0.5623294944177438
blog/quick-and-dirty-or-in-depth-insights,79,73,402.5298022255408,0.7744178344487831,0.6530900663041828
blog/futurice-at-polyconf-poznan,68,65,1408.2729839769088,0.5899852222430135,0.6489118310958369
blog/why-debugging-is-all-about-understanding,503,476,37.81172035515608,0.11075031839640159,0.7783604707782167
blog/biology-is-the-new-digital-and-other-iot-insights-from-solidcon,214,195,82.2117910576085,0.07950556309237022,0.41528141373879146
blog/its-not-just-about-making-things-pretty-business-value-of-design-and-measuring-it,11,10,90.65489482055341,0.7508363334364625,0.2734907162411555
blog/time-for-brainwork-webvisions-bcn-2015,322,300,75.13934342564306,0.29293590650383716,0.015580700042524986
blog/learning-functional-reactive-programming-with-elm,63,60,62.67316727646626,0.8893018507672135,0.2066298260523869
blog/futurice-goes-back-to-school,1004,959,116.77833308253584,0.762073021030176,0.31238781220203726
blog/scrum-masters-toolbox-sprint-length,58,56,56.076511093695494,0.6981902447177161,0.17820685648046553
blog/ux-in-b2b-systems-part-2-why-should-b2b-companies-care,58,56,194.03409557932594,0.27860605263345095,0.020144471496602256
blog/code-school-for-adults,335,322,154.6800294516619,0.7089445190216179,0.15744760866519159
blog/do-you-trust-your-car-mechanic,467,463,218.07148716533317,0.948147684514834,0.6660995535675723
blog/futurice-at-jsconf-budapest,291,289,222.77955976344197,0.09155983437056892,0.6295854164725958
blog/how-your-business-goals-affect-your-mobile-application-data-collection,12,12,240.42434896431308,0.32616264200356604,0.9356836393980424
blog/tales-from-thingscon-berlin-2015,333,319,110.08720787322319,0.23467226546159414,0.7981682913973093
blog/sequentiality-killed-the-cat,32,30,809.903190082509,0.3932501344006667,0.5677561168411912
blog/the-digital-transformation-of-european-industry,212,200,179.02847889999748,0.7423326548539464,0.13755634749321133
blog/teaching-lean-to-the-japanese,18,18,33.448675785064374,0.47424258142538656,0.5640718189251569
blog/the-t-shirt-test,290,286,66.55970759418058,0.5707306061202463,0.061595060914180766
blog/dear-clients-in-the-food-industry,45,45,36.87735248312903,0.31415488807834235,0.4308848974108528
blog/greetings-from-slush-asia,22,20,150.4856458639493,0.14128926708710055,0.39025862894719543
blog/best-practices-mobile,433,424,134.63343927043127,0.26693364893772853,0.42781380936294167
blog/tell-everyone-about-your-digital-project,214,203,102.0292402867566,0.859680301241987,0.2798259183947872
blog/tailored-retail-part-1,60,55,741.5487391676625,0.6024169621534105,0.6858304476238237
blog/beer-and-tech-at-futurice-berlin,1309,1182,230.2547487540067,0.3779886731972337,0.8409444672987795
blog/cms-done-right-vol-2,77,76,265.3046236922388,0.7899059817355876,0.7685169925989775
blog/cms-done-right-vol-1,156,156,70.46676707316168,0.06445743245490876,0.6277520957908803
blog/prototyping-is-always-worth-it,223,220,66.73196589607046,0.2538910879223857,0.5383447993330133
blog/id-like-to-have-some-lcd-on-my-pi,59,59,152.84806660351694,0.23010315405733928,0.03108418000803037
blog/futurice-at-thingscon,301,296,170.4438150165672,0.9853645621682221,0.7229339986919212
blog/beer-in-the-fridge-but-you-have-to-help-carry-it,67,64,33.614272256151324,0.7060985823927602,0.5449829395784974
blog/declarative-apps-with-polymers-two-way-data-binding,81,74,128.477575800807,0.6177859363885542,0.2707410506638869
blog/build-measure-learn,1146,1085,150.09338488744694,0.004984965294472898,0.32784203885344165
blog/futurice-crew-at-mwc15,32,30,124.94587798025469,0.18431000208985737,0.9356067864697414
blog/a-good-service-designer,4,4,77.42329235342494,0.6355412929730783,0.624362245117227
blog/fosdem-dialogues,1664,1531,96.38704980434152,0.37971932648166573,0.4759124346575283
blog/deep-impact,6796,6377,128.83243997806275,0.9242803836790608,0.6209217397084077
blog/futurice-technology-radar,81,75,159.59510576106794,0.7647242191417579,0.413742324985657
blog/dont-worry-the-user-wont-bite,9,9,240.76786801148657,0.44738407280411996,0.4701822732030162
blog/play-doh-goes-digital,94,91,352.37112901500956,0.7495149775382705,0.2903092567076704
blog/thekidsarealright,97,97,117.27502544441816,0.9754043238262216,0.4398533005916445
blog/ten-steps-towards-a-lean-service-development-process,112,110,103.03564982048337,0.4609808247014706,0.6855922324379105
blog/thethingcast-internetofthings-podcast,28,27,210.63452841046762,0.6425258878885334,0.03994192508646921
blog/a-culture-of-experimentation-is-the-key-to-survival,355,322,241.936654379306,0.9186646150612952,0.7950274072961548
blog/validating-in-app-purchases-in-your-ios-app,326,314,104.86141837201082,0.24867466203617328,0.28297954086131283
blog/the-internet-of-things-a-revolution-in-the-vendor-slash-customer-relationship,16,15,279.3079067099842,0.8865579136662783,0.6825597934324997
blog/programmer-proverbs,424,402,324.94900844402025,0.09754470677298266,0.64272531468006
blog/humans-rule-computers-suck,3227,3169,417.1096648712303,0.6484481705876465,0.6526280491413053
blog/the-trade-off-between-quality-and-features-and-its-significance-for-service-development-and-business,193,187,615.6365205751458,0.7828381550557844,0.6081289162558029
blog/value-creation-from-digital-analytics,90,85,74.2076384594548,0.6146062192524261,0.9591018380695349
blog/lean-service-creation-a-video-blog,120,112,150.07250852477134,0.49553480415254303,0.5083441626953908
blog/a-revolution-in-innovation-the-spirit-of-silicon-valley-comes-to-europe,374,358,149.7582245406756,0.617347099925686,0.7323191155153514
blog/better-than-google-use-cases-for-topical-search,12,12,137.21391688562122,0.15166370877944457,0.7054493312345776
blog/from-t-to-pi-design-skill-expectations-in-change,190,177,88.28671685598958,0.21557071033021835,0.23626757727833037
blog/state-of-digital-transformation-2014,83,82,45.220494282865126,0.26989934395634196,0.2833058391868256
blog/futurice-open-source-program-the-spice-program,2373,2151,159.83524353973777,0.5977793406300381,0.42401709815696786
blog/an-example-of-functional-design,115,113,80.26354014786091,0.4419010737450705,0.27769793046320923
blog/gen-x-vs-gen-y,1812,1793,158.98260354983753,0.24447584248583953,0.3667430989299597
blog/the-biggest-thing-we-can-offer,29,28,78.6309326074567,0.8828093321445801,0.39096061392830594
blog/tet-is-absolutely-important,359,341,61.576070140800404,0.3739218402932234,0.603864560938344
blog/codeschule-taking-a-finnish-idea-to-germany,240,228,179.00946621077267,0.44603171922989115,0.21989004273506163
blog/6-ways-companies-should-adapt-to-the-social-revolution,41,40,167.45877832831204,0.40970107654899457,0.8042918658766873
blog/futulabs-illuminated-the-path-ahead-at-slush,194,175,235.90414966920886,0.18194295527675264,0.4375363567715046
blog/sponsoring-free-time-open-source-activities,915,871,852.9415421961919,0.7316270154302333,0.7062441116832469
blog/don-normans-thoughts-on-the-creation-of-digital-services,92,88,185.2732245425003,0.448458262268858,0.08144248124081788
blog/ladies-im-all-ears,12,12,218.77972761024373,0.016257109892718447,0.4699653941243669
blog/futulabs-at-slush2014,145,145,62.67426625940721,0.964013702359797,0.02821953217732831
blog/futurice-loves-slush-insights-from-silicon-valley-part-1-truths,39,37,53.00965398212786,0.8157636115954137,0.6759099918155648
blog/vuoden-isa-father-of-the-year,89,87,526.5064369465498,0.7235593540918033,0.34371007699706957
blog/reactive-c-number-in-practice,132,124,70.89615324869148,0.869091870518529,0.9492528141058286
blog/combining-react-flux-and-web-components,12,12,64.38268579354701,0.9068072536055503,0.3241242146014194
blog/reactive-mvc-and-the-virtual-dom,14,13,143.84277503169622,0.33748970638443865,0.5638058980177268
blog/build-environment-like-its-1986,306,292,138.081773229633,0.6109586784166986,0.2573875756946147
blog/how-we-use-polymer-to-make-sales-transparent,68,62,72.09572824152774,0.6088078092055942,0.6201126289473403
blog/npm-registry-in-numbers,4,4,116.28236624519651,0.26729966881059697,0.4670423501332346
blog/abb-and-big-support-data,482,480,396.82706217066834,0.2219522514470672,0.3706282615056329
blog/multi-platform-mobile-development-with-xamarin,224,206,77.88279846796982,0.11390725481902209,0.20368934908017988
blog/summer-of-love-is-over-whats-next,51,48,48.669960512180936,0.6593141959164528,0.1115213439714553
blog/ios8-homekit,21,20,315.47356685738686,0.7809189910307799,0.11987913395667327
blog/user-friendly-web-ui-for-ldap,520,498,220.0462011541383,0.7609529795170038,0.9990400175055532
blog/futurice-helsinki-will-move-to-kamppi,251,235,90.34043121685089,0.31627537718497434,0.4123107268572347
blog/vpn-management-self-provisioning-and-more,5292,4839,41.857307236187985,0.20525985046520223,0.001929707873339459
blog/sneak-peek-at-google-fit,279,262,81.80196905116733,0.45361417845462193,0.9529287906260143
blog/android-development-has-its-own-swift,266,257,142.05814569594978,0.5468134602405106,0.01997992422981265
blog/reservator,116,109,377.1102827682715,0.9190871279685557,0.4185861255545337
blog/adaptive-views-in-ios-8,506,473,64.7629978936415,0.8748231542740541,0.7174775859706559
blog/managing-ux-in-scrum-project,380,344,138.70981579540933,0.9160583313018277,0.9145992443717617
blog/towards-modern-healthcare,971,935,254.70747451817306,0.8502623851359796,0.712886291432101
blog/facegame,68,66,22.08693214334348,0.9645812044363112,0.4636257549000118
blog/greetings-from-summer-interns,78,72,339.3489518177976,0.46549999716905743,0.9744420389841034
blog/ios-8,73,70,57.62978543159249,0.04747349743309437,0.03931938303327043
blog/summer-of-love-of-open-source,486,451,193.56171356337856,0.08356203214847824,0.986892202538008
blog/creating-digital-dialogue-through-services,1405,1341,180.7918771513519,0.39027614177234315,0.8493915517084389
blog/lean-service-creation-training-case-helsingin-energia,75,74,353.4242275615187,0.25768709127299727,0.9289300171263591
blog/lean-service-creation-part-2-the-training,79,74,230.6126595679811,0.16994059136106732,0.25477242409753664
blog/hwo2014-the-speed-of-the-electric-sheep,238,235,22.15731314627129,0.9532037745086486,0.14245807228426977
blog/designing-a-festival-app-a-hackathon-experience,103,101,79.21586562253876,0.19541958841062246,0.6633152793727001
blog/on-weddings-and-brainstorming-ideas,619,581,165.7638364620474,0.959379272315231,0.51585943798612
blog/houkutteleva-tietoyhteiskunta-ei-tuijota-tekniikkaa,6,6,126.97828544658533,0.7608388403212071,0.5231679607443794
blog/intelligent-authentication,43,40,217.4760183098928,0.6409456721252235,0.9246191784832176
blog/karkimedia-baari-nominated-as-best-b2b-service-finalist-in-grand-one-2014,46,45,279.07853914972003,0.6760189600893783,0.6200809066532622
blog/underlining-gender-in-it,5,5,241.4738991369121,0.331474323659124,0.3110638351045899
blog/introducing-children-to-the-joy-of-programming,35,32,125.03329301467802,0.6464270380582822,0.40006655641787603
blog/futurice-design-day,38,38,33.883575250942826,0.1866921182812653,0.13349583509185126
blog/android-unit-testing-in-android-studio-and-ci-environments,110,108,103.09129974710498,0.9377054325359795,0.19231404027568932
blog/top-7-tips-for-rxjava-on-android,788,766,207.07778973874872,0.30179333996059354,0.1433500702095385
blog/ux-in-b2b-systems-part-1-what-is-it-all-about,103,98,62.03149239614664,0.25518651229354217,0.8102913412113545
blog/tech-pick-of-the-week-log-anomaly-detection-tools,32,30,245.92332100159516,0.7111627981941575,0.7048734679721188
blog/slush-is-optimism-and-win-win,137,127,306.95913801920534,0.6564487180661819,0.5303450176108518
blog/tech-pick-of-the-week-jsstana,717,667,164.2670703501099,0.45129891834330527,0.37436783362757076
blog/better-quality-does-not-mean-extra-time-and-budget,35,35,12.79399738902809,0.6324462346907863,0.6684942903243505
blog/a-kick-starter-for-sharing-futurices-culture-audit,38,37,53.38497342496918,0.15949307176085614,0.812905347695761
blog/tech-pick-of-the-week-clojure,344,328,671.1222605418844,0.673328307401955,0.881233215671709
blog/tech-pick-of-the-week-rx-for-net-and-rxjava-for-android,107,106,95.84859064017058,0.2706106951951939,0.5470162282063336
blog/tech-pick-of-the-week-bem,392,382,30.346628423423656,0.2728359766764573,0.8198851218197009
blog/corporate-innovation-processes-create-a-pub-not-a-funnel,146,142,398.6954772768765,0.16217993494378458,0.511305953412695
blog/how-to-start-a-design-career-when-you-havent-even-finished-high-school,426,421,150.0073770521995,0.3323771350361646,0.47453008918789086
blog/festival-memories-or-quantified-fun,32,31,359.2262422204859,0.3312510603113281,0.8654318556221002
blog/tech-pick-of-the-week-pushd,146,136,185.22419202674638,0.45417901170226926,0.386373936264664
blog/is-it-a-mans-world,109,109,214.18653815783014,0.1904195046663495,0.39591267904070226
blog/tech-pick-of-the-week-angularjs,24,23,198.42424662033338,0.1930075361587663,0.30491134528491615
blog/lean-startup-is-a-business-development-framework,15,14,259.3012853512583,0.5417385716632284,0.5187017282946167
blog/seeking-permission-or-feedback,416,385,917.7677462150211,0.12887740467047515,0.5448500336894607
blog/rock-out-with-your-app-out,88,81,322.7264527093801,0.6888970079888351,0.660461145310457
blog/join-us-in-sharing,33,32,41.918554024335215,0.9439471258625965,0.4305023101095705
blog/what-made-me-stay,129,119,212.15756128268487,0.42679562166437823,0.21783729188359935
blog/sharing-at-the-futurice-code-camp,806,787,369.88221402439405,0.9011053131506768,0.8668420624138758
blog/the-many-benefits-of-transparency,5,5,388.44851761255796,0.09831659112586444,0.3460008672380144
blog/futurice-scrum-club-day-2,16,16,105.5005338985121,0.04295762737564457,0.9229434198401747
blog/our-first-code-camp-definitely-worth-it,38,37,376.8908248118781,0.7213688775138399,0.20735333302645576
blog/the-day-when-i-started-to-listen-to-the-client,1329,1277,311.74761047060304,0.7610215729814965,0.5600574762362305
blog/futurice-scrum-club-day-1,227,222,1162.134813954362,0.8430582409657513,0.5366150935294522
blog/a-story-about-design-decisions-and-legacy-code,470,435,81.45075552988713,0.05681767839998142,0.8286478479269953
blog/what-is-custom-software,27,27,98.89706273844142,0.7769070549568304,0.13885138675082975
blog/digital-transformation-is-about-people,28,28,116.17582324928794,0.3765387327965818,0.9099371729174613
blog/friendship-without-limits-ux,291,288,100.26556138931554,0.3033376326821986,0.5314281721720702
blog/on-trust,162,155,72.81947259882396,0.17302392134329692,0.5861093839143664
blog/9-steps-of-digital-magazine-design,339,329,16.278734033178694,0.996015755102527,0.5101662932977671
blog/why-does-futurice-exist,112,108,104.8195626549204,0.06366358931886362,0.03602490683626647
blog/a-retrospective-on-a-year-as-europes-best-workplace,226,221,199.4346168967885,0.8270080146079994,0.4970906618065981
blog/setting-it-goals-wheres-your-focus,189,175,100.02523694469917,0.6394944354905275,0.26354966267699054
blog/change-team-organising-the-stakeholders-to-make-the-change-happen,477,433,698.0599217264445,0.7350804442618671,0.34268818037783144
blog/photoshop-we-need-to-talk,498,474,150.00980373182836,0.7117171199217964,0.6491015991871399
blog/if-need-be-well-defend-you-from-yourself,14,14,416.890352737349,0.8584344850731825,0.49769712947410594
blog/you-wont-always-get-what-you-order-from-us,6,6,182.93599364977578,0.1837920698561083,0.09321821266746044
blog/validated-design-no-more-guesswork,667,601,287.472110310039,0.0008246168346853766,0.07304127476175892
blog/5-steps-to-a-great-application,882,828,185.56277660391274,0.5985284890432662,0.18565769561737033
blog/futubileet-2012,33,31,443.64633646056956,0.35385863932333395,0.19088514657222366
blog/a-beginners-guide-to-starting-an-fm-radio-station-in-finland,10,10,155.20572269527975,0.12378733111713769,0.6083007569713649
blog/how-to-solve-the-unsolvable-a-learning-story-from-the-field-of-machine-learning,173,160,220.7203612222597,0.18613875410423886,0.1778144640455428
blog/julkishallinnon-tietotekniikka-on-paivitettava-2010-luvulle,600,573,198.95254857519376,0.3317493124592229,0.8817194232747706
blog/futurice-europes-best-workplace,2201,2184,117.84516873410287,0.07023337088670323,0.20976066061341314
blog/you-must-be-somewhere-in-london,322,322,205.20015222626617,0.05691320212845086,0.09113144542638263
blog/defining-our-brand-of-agile-maintenance,85,81,886.7020310526816,0.9160262548324442,0.8757460163596469
blog/decision-making-at-futurice,39,38,119.54375396490035,0.3121027493536962,0.295327576076733
blog/consider-maintenance-from-the-beginning,151,145,207.59143937341216,0.9822306974735849,0.4254226298337358
blog/new-public-status-pages,95,90,405.9472238745851,0.9643670083303999,0.9590263840124423
blog/public-performance-and-uptime-information,33,32,369.5191717710217,0.1425712823271138,0.9443692191577738
blog/global-service-jam-2012,3208,2940,149.8107954402092,0.7149243028961909,0.7149168892649178
blog/better-place-to-work-lets-make-it-together,2160,2137,22.049480414216532,0.6008048891270692,0.06893895173255471
blog/designing-and-building-apps-for-four-platforms-in-50-hours,816,798,224.3847595546018,0.6906470731051536,0.5933401254113975
blog/five-environments-you-cannot-develop-without,38,35,25.139004222799453,0.09619100001447478,0.9890779350422578
blog/useful-django-resources,536,491,481.0396911828443,0.18856007863455804,0.9469162284239805
blog/woo-our-brand-book-is-done,388,350,169.9627162727966,0.0766386614508815,0.10600249251994287
blog/one-click-taxi-ordering,289,264,330.213434265979,0.6041342052170712,0.39596730309036865
blog/lets-contribute,968,882,72.11853533845036,0.9865910758490911,0.3155367459028393
blog/the-first-production-deployment-is-the-hardest,385,373,42.862358707041345,0.6719845376579414,0.12972810690490555
blog/backups-at-futurice,451,433,182.8385471315949,0.7107615350219296,0.6947983112487609
blog/customers-role-in-project-success,386,376,144.4765554018416,0.9845850415432811,0.27384836436023674
blog/reaktor-dev-day,248,233,100.15984292144663,0.6780115541717961,0.3448658031252978
blog/field-testing,11,10,158.81325650607118,0.04018157262847033,0.09035887670141796
blog/slut-innovations,169,164,1358.2450127788945,0.8670056008565976,0.4979675587786656
blog/strategy-trust-windows-and-lenin,65,62,289.3451996872657,0.3646782903787963,0.15816786365205648
blog/breakfast-briefing-utilizing-the-fast-changes-in-the-mobile-space-to-drive-your-business,22,22,343.6414731606213,0.004363621514715366,0.4320904235794891
blog/what-should-they-teach-in-high-school,1850,1819,291.5319231701788,0.5072341775608206,0.1433422221033015
blog/the-danger-of-asking-users,1986,1948,484.7191810396022,0.9370150008762637,0.9538498899501457
blog/migrating-svn-repos-with-full-history-to-git-a-story-from-the-trenches,1141,1135,127.47785480121627,0.2573306871949832,0.1449825331971426
blog/from-good-to-even-better,218,198,28.679740106698514,0.4915131730528399,0.5218871538506332
blog/quality-assurance-is-dead-dot-dot-dot-long-live-quality-leading,1126,1081,127.62944361106638,0.17377688778239075,0.1969798253189875
blog/smorgasbord-or-a-la-carte-for-the-end-users,152,140,284.11769405381796,0.0576926716664401,0.07636180347260924
blog/first-year-in-germany-is-a-huge-success,202,189,68.3170714868621,0.08054494671311319,0.20230861884209816
blog/why-personal-virtual-servers,29,29,128.8832865772525,0.7270109059613554,0.05477410739043609
blog/personal-virtual-servers,270,266,85.33495893061506,0.864074470742149,0.13939738312098882
blog/tightening-the-web-around-software,163,150,493.5496202680116,0.1432988392524911,0.49348415776321697
blog/futurice-at-tampere-meego-network-meetup,22,22,270.30896303788415,0.2883185678104687,0.6518155210575742
blog/futurice-2010-in-pictures,138,126,249.94290118477258,0.19502946764482731,0.08733981507178346
blog/mongo-berlin-2010-and-thoughts-on-nosql,132,131,244.0275309027331,0.026855776926427932,0.4410186239042685
blog/futurice-speaking-about-android-development-at-aalto-university,2201,2052,144.0557817684479,0.5534313698869836,0.581247022853352
blog/the-future-is-here-rails-and-the-cloud-ecosystem,568,522,173.82430123132235,0.6999221701376476,0.2342256762110615
blog/the-tricky-business-of-selling-ruby-on-rails-projects,151,148,57.503874927383244,0.6478774808850705,0.3720784115160254
blog/make-up-simple-solutions-that-fit-your-organization,216,211,25.812178540310168,0.3880535473022476,0.07183486973360864
blog/pekka-tarjanne-1937-2010,159,144,167.346230754585,0.5550102459399053,0.2201310802330949
blog/user-testing-the-ultimate-reality-check,110,108,192.3260684977234,0.09409930663622468,0.46675292591894
blog/quality-time-session-based-testing-faq,30,29,390.49362922431754,0.15430371872268445,0.9904421789253223
blog/search-the-best-friend-and-worst-enemy-of-21st-century-websites,119,114,521.6874495293133,0.9317946195529834,0.9962650629391334
